

CREATE DATABASE DB_PATRIMONIO;
USE DB_PATRIMONIO;

CREATE TABLE TB_ENDERECO (
			END_CODIGO INTEGER NOT NULL,
            END_DESCRICAO VARCHAR(60) NOT NULL
            );
            

INSERT INTO TB_ENDERECO (END_CODIGO, END_DESCRICAO) VALUES (1, 'CENTRO');
INSERT INTO TB_ENDERECO (END_CODIGO, END_DESCRICAO) VALUES (2, 'RUA SÃO PAULO');
INSERT INTO TB_ENDERECO (END_CODIGO, END_DESCRICAO) VALUES (3, 'RUA RIO GRANDE DO SUL');
INSERT INTO TB_ENDERECO (END_CODIGO, END_DESCRICAO) VALUES (4, 'AVENIDA JK');
INSERT INTO TB_ENDERECO (END_CODIGO, END_DESCRICAO) VALUES (5, 'AVENIDA NEREU RAMOS');
INSERT INTO TB_ENDERECO (END_CODIGO, END_DESCRICAO) VALUES (6, 'RUA CEREJEIRA ');
INSERT INTO TB_ENDERECO (END_CODIGO, END_DESCRICAO) VALUES (7, 'RUA DAS OLIVEIRAS');
INSERT INTO TB_ENDERECO (END_CODIGO, END_DESCRICAO) VALUES (8, 'JARDIM DAS FLORES');
INSERT INTO TB_ENDERECO (END_CODIGO, END_DESCRICAO) VALUES (9, 'JARDIM LARANJEIRAS');


CREATE TABLE TB_BAIRRO (
              BAI_CODIGO INTEGER NOT NULL,
              BAI_DESCRICAO VARCHAR(50) NOT NULL
              );
              

INSERT INTO TB_BAIRRO (BAI_CODIGO, BAI_DESCRICAO) VALUES (1, 'SÃO LUIZ');
INSERT INTO TB_BAIRRO (BAI_CODIGO, BAI_DESCRICAO) VALUES (2, 'CENTRO');
INSERT INTO TB_BAIRRO (BAI_CODIGO, BAI_DESCRICAO) VALUES (3, 'NAZARÉ');
INSERT INTO TB_BAIRRO (BAI_CODIGO, BAI_DESCRICAO) VALUES (4, 'UNIVERSITÁRIO');
INSERT INTO TB_BAIRRO (BAI_CODIGO, BAI_DESCRICAO) VALUES (5, 'MARIA LUIZA');
INSERT INTO TB_BAIRRO (BAI_CODIGO, BAI_DESCRICAO) VALUES (6, 'CIDADE ALTA');
INSERT INTO TB_BAIRRO (BAI_CODIGO, BAI_DESCRICAO) VALUES (7, 'CONDÁ');
INSERT INTO TB_BAIRRO (BAI_CODIGO, BAI_DESCRICAO) VALUES (8, 'BELO HORIZONTE');


CREATE TABLE TB_CIDADE (
		CID_CODIGO INTEGER NOT NULL,
        CID_DESCRICAO VARCHAR(60) NOT NULL,
        CID_UF CHAR(2) NOT NULL
	);
    

INSERT INTO TB_CIDADE (CID_CODIGO, CID_DESCRICAO, CID_UF) VALUES (1, 'SANTA HELENA', 'PR');
INSERT INTO TB_CIDADE (CID_CODIGO, CID_DESCRICAO, CID_UF) VALUES (2, 'MARINGÁ', 'PR');
INSERT INTO TB_CIDADE (CID_CODIGO, CID_DESCRICAO, CID_UF) VALUES (3, 'CUIABÁ', 'MT');
INSERT INTO TB_CIDADE (CID_CODIGO, CID_DESCRICAO, CID_UF) VALUES (4, 'FLORIANÓPOLIS', 'SC');
INSERT INTO TB_CIDADE (CID_CODIGO, CID_DESCRICAO, CID_UF) VALUES (5, 'ALTAMIRA', 'PA');
INSERT INTO TB_CIDADE (CID_CODIGO, CID_DESCRICAO, CID_UF) VALUES (6, 'PORTO ALEGRE', 'RG');
INSERT INTO TB_CIDADE (CID_CODIGO, CID_DESCRICAO, CID_UF) VALUES (7, 'MEDIANEIRA', 'PR');
INSERT INTO TB_CIDADE (CID_CODIGO, CID_DESCRICAO, CID_UF) VALUES (8, 'CASCAVEL', 'PR');


CREATE TABLE TB_DEPARTAMENTO (
              DEP_CODIGO INTEGER NOT NULL,
              DEP_DESCRICAO VARCHAR(60) NOT NULL
			);
            
INSERT INTO TB_DEPARTAMENTO (DEP_CODIGO, DEP_DESCRICAO) VALUES (1, 'RECURSOS HUMANOS');
INSERT INTO TB_DEPARTAMENTO (DEP_CODIGO, DEP_DESCRICAO) VALUES (2, 'SUPORTE');
INSERT INTO TB_DEPARTAMENTO (DEP_CODIGO, DEP_DESCRICAO) VALUES (3, 'ATENDIMENTO AO CLIENTE');
INSERT INTO TB_DEPARTAMENTO (DEP_CODIGO, DEP_DESCRICAO) VALUES (4, 'FINANCEIRO');
INSERT INTO TB_DEPARTAMENTO (DEP_CODIGO, DEP_DESCRICAO) VALUES (5, 'PRODUÇÃO');


CREATE TABLE TB_MARCA (
		MAR_CODIGO INTEGER NOT NULL,
        MAR_DESCRICAO VARCHAR(60) NOT NULL
        );
        
INSERT INTO TB_MARCA (MAR_CODIGO, MAR_DESCRICAO) VALUES (1, 'DELL');
INSERT INTO TB_MARCA (MAR_CODIGO, MAR_DESCRICAO) VALUES (2, 'TRAMONTINA');
INSERT INTO TB_MARCA (MAR_CODIGO, MAR_DESCRICAO) VALUES (3, 'HP');
INSERT INTO TB_MARCA (MAR_CODIGO, MAR_DESCRICAO) VALUES (4, 'INTEL');
INSERT INTO TB_MARCA (MAR_CODIGO, MAR_DESCRICAO) VALUES (5, 'CISCO');
INSERT INTO TB_MARCA (MAR_CODIGO, MAR_DESCRICAO) VALUES (6, 'MOVLAR');
INSERT INTO TB_MARCA (MAR_CODIGO, MAR_DESCRICAO) VALUES (7, 'SAMSUNG');
INSERT INTO TB_MARCA (MAR_CODIGO, MAR_DESCRICAO) VALUES (8, 'OUTROS');


CREATE TABLE TB_CATEGORIA (
			CAT_CODIGO INTEGER NOT NULL,
            CAT_DESCRICAO VARCHAR(60) NOT NULL
            );
            
INSERT INTO TB_CATEGORIA (CAT_CODIGO, CAT_DESCRICAO) VALUES (1, 'MÓVEIS PARA ESCRITÓRIO');
INSERT INTO TB_CATEGORIA (CAT_CODIGO, CAT_DESCRICAO) VALUES (2, 'ELETRÔNICO');
INSERT INTO TB_CATEGORIA (CAT_CODIGO, CAT_DESCRICAO) VALUES (3, 'MATERIAL DE CONSUMO');
INSERT INTO TB_CATEGORIA (CAT_CODIGO, CAT_DESCRICAO) VALUES (4, 'ESCRITÓRIO');
INSERT INTO TB_CATEGORIA (CAT_CODIGO, CAT_DESCRICAO) VALUES (5, 'INFORMÁTICA');
INSERT INTO TB_CATEGORIA (CAT_CODIGO, CAT_DESCRICAO) VALUES (6, 'OUTROS');


CREATE TABLE TB_PREDIO (
             PRE_CODIGO INTEGER NOT NULL,
             PRE_DESCRICAO VARCHAR(60) NOT NULL,
             PRE_NUMERO VARCHAR(10) NOT NULL,
             PRE_CODENDERECO INTEGER NOT NULL REFERENCES TB_ENDERECO (END_CODIGO),
             PRE_CODBAIRRO INTEGER NOT NULL REFERENCES TB_BAIRRO (BAI_CODIGO),
             PRE_CODCIDADE INTEGER NOT NULL REFERENCES TB_CIDADE (CID_CODIGO)
             );

INSERT INTO TB_PREDIO (PRE_CODIGO, PRE_DESCRICAO, PRE_NUMERO, PRE_CODENDERECO, PRE_CODBAIRRO, PRE_CODCIDADE)
               VALUES (1, 'EDIFÍCIO ARAUCÁRIA', '2356', 1, 1, 1);
INSERT INTO TB_PREDIO (PRE_CODIGO, PRE_DESCRICAO, PRE_NUMERO, PRE_CODENDERECO, PRE_CODBAIRRO, PRE_CODCIDADE)
               VALUES (2, 'EDIFÍCIO OLIVEIRA', '1180', 4, 2, 3);
INSERT INTO TB_PREDIO (PRE_CODIGO, PRE_DESCRICAO, PRE_NUMERO, PRE_CODENDERECO, PRE_CODBAIRRO, PRE_CODCIDADE)
               VALUES (3, 'EDIFÍCIO AMARELO', '2892', 5, 3, 2);
INSERT INTO TB_PREDIO (PRE_CODIGO, PRE_DESCRICAO, PRE_NUMERO, PRE_CODENDERECO, PRE_CODBAIRRO, PRE_CODCIDADE)
               VALUES (4, 'EDIFÍCIO DAS FLORES', '3120', 6, 1, 1);
INSERT INTO TB_PREDIO (PRE_CODIGO, PRE_DESCRICAO, PRE_NUMERO, PRE_CODENDERECO, PRE_CODBAIRRO, PRE_CODCIDADE)
               VALUES (5, 'EDIFÍCIO AZUL', '2356', 1, 1, 1);
INSERT INTO TB_PREDIO (PRE_CODIGO, PRE_DESCRICAO, PRE_NUMERO, PRE_CODENDERECO, PRE_CODBAIRRO, PRE_CODCIDADE)
               VALUES (10, 'EDIFÍCIO GRALHA AZUL', '2356', 2, 1, 1);

CREATE TABLE TB_PATRIMONIO (
			PAT_CODIGO INTEGER NOT NULL PRIMARY KEY,
            PAT_DESCRICAO VARCHAR(60) NOT NULL,
            PAT_DATAAQUISICAO DATE, 
            PAT_VLRAQUISICAO DECIMAL, 
            PAT_OBSERVACAO VARCHAR(100),
            PAT_LOCALIZACAO VARCHAR(60),
            PAT_CODDEPARTAMENTO INTEGER NOT NULL REFERENCES TB_DEPARTAMENTO (DEP_CODIGO),
            PAT_CODMARCA INTEGER NOT NULL REFERENCES TB_MARCA (MAR_CODIGO),
            PAT_CODCATEGORIA INTEGER NOT NULL REFERENCES TB_CATEGORIA (CAT_CODIGO),
            PAT_CODPREDIO INTEGER NOT NULL REFERENCES TB_PREDIO (PRE_CODIGO)
            );
            

INSERT INTO TB_PATRIMONIO (PAT_CODIGO, PAT_DESCRICAO, PAT_DATAAQUISICAO, PAT_OBSERVACAO, PAT_LOCALIZACAO, 
   PAT_CODDEPARTAMENTO, PAT_CODMARCA, PAT_CODCATEGORIA, PAT_CODPREDIO) VALUES 
                                   (1, 'NOTEBOOK INSPIRON I7', '2017-02-07', 'NOVO', 'MESA DA SECRETARIA', 
                                     1, 1, 5, 2);
                                     
INSERT INTO TB_PATRIMONIO (PAT_CODIGO, PAT_DESCRICAO, PAT_DATAAQUISICAO, PAT_VLRAQUISICAO, PAT_LOCALIZACAO, 
   PAT_CODDEPARTAMENTO, PAT_CODMARCA, PAT_CODCATEGORIA, PAT_CODPREDIO) VALUES 
                                   (2, 'IMPRESSORA COPIADORA', '2017-02-11', 2500, 'MESA DO CHEFE', 
                                     2, 7, 5, 2);
                                     
INSERT INTO TB_PATRIMONIO (PAT_CODIGO, PAT_DESCRICAO, PAT_DATAAQUISICAO, PAT_VLRAQUISICAO, 
   PAT_CODDEPARTAMENTO, PAT_CODMARCA, PAT_CODCATEGORIA, PAT_CODPREDIO) VALUES 
                                   (3, 'CANETA', '2017-02-11', 2.50, 
                                     2, 8, 3, 3);

INSERT INTO TB_PATRIMONIO (PAT_CODIGO, PAT_DESCRICAO, PAT_DATAAQUISICAO, PAT_VLRAQUISICAO, 
   PAT_CODDEPARTAMENTO, PAT_CODMARCA, PAT_CODCATEGORIA, PAT_CODPREDIO) VALUES 
                                   (4, 'COMPUTADOR DE MESA I5', '2017-02-11', 1200, 
                                     1, 1, 55, 3);
                                     
